Male,Female
Gavin,Sage
Asher,Alyson
Aron,Chanel
Zain,Paisley
Bennett,Stacy
Tomas,Mina
Sincere,Maya
Ian,Faith
Cyrus,Alexandra
Ulises,Gabriella
Fernando,Katrina
Cody,Brooklynn
Yadiel,Marissa
Dale,Jaylene
Abdullah,Jennifer
Rishi,Tamia
Tyrone,Isabella
Terry,Essence
Hector,Alejandra
Trenton,Regan
Sullivan,Jordin
Russell,Cali
Harold,Rylee
Leonel,Heather
Amari,Alina
Kendall,Aspen
Matteo,Cindy
Frankie,Maddison
Shaun,Laila
Mohammad,Lyric
Moises,Ashly
Mario,Angelina
Dillan,Theresa
Spencer,Janiah
Felipe,Briana
Samuel,Katelynn
Vincent,Michelle
Blake,Araceli
Tommy,Ayla
Alan,Jimena
Gavyn,Melissa
Noah,Lilly
Javier,Heidi
Marquise,Karen
Braylen,Kaiya
Carson,Kamora
Jamison,Gianna
Jaeden,Itzel
Fabian,Tess
Dillon,Brenda
Mark,Kaelyn
Isaac,Charlotte
Humberto,Valeria
Cooper,Jillian
Danny,Malia
Ryder,Katrina
Ezequiel,Raquel
Julius,Madalynn
Kaiden,Anabella
Curtis,Jaylen
Guillermo,Serena
Conrad,Brynn
Adrian,Perla
Gerardo,Charlize
Skylar,Araceli
Gavyn,Essence
Alden,Macy
Zachariah,Ellie
Luca,Monica
Ethan,Kaydence
Dante,Kamora
Zavier,Yadira
Roger,Sherlyn
Ty,Bria
Deangelo,Kelly
Gilbert,Leyla
Jaime,Kailey
Valentin,Jocelynn
Sergio,Brylee
Jasiah,Cristina
Lorenzo,Jessie
Harry,Harley
Aydan,Xiomara
Aydin,Diya
Caden,Piper
Jake,Micaela
Josiah,Christina
Gabriel,Stephanie
Van,Chelsea
Wayne,Amaya
Zackery,Ashlyn
Edgar,Celeste
Maurice,Kaila
Jimmy,Breanna
Micah,Siena
David,Amelia
Louis,Sonia
Pierre,Hana
Cael,Thalia
Martin,Madilyn
Karson,Miya
Tristian,Amirah
Parker,Shea
Maverick,Kenley
Cayden,Erica
Isai,Cherish
Coby,Ximena
Marquis,Livia
Leandro,Daphne
Jeffrey,Anika
Hudson,Kiera
Andres,Janae
Jonathon,Eleanor
Elijah,Emilee
Anthony,Hailey
Nolan,Alice
Mathew,Genesis
Demetrius,Matilda
Daniel,Ali
Travis,Alondra
Kasen,Alexandra
Carlo,Madalyn
Luis,Alexa
Keshawn,Irene
Trevin,Joselyn
Tyrone,Bailey
Zachary,Riya
Kasey,Viviana
Giancarlo,America
Winston,Yoselin
Brendan,Skyla
Jaylan,Esmeralda
Gregory,Ingrid
Kolton,Charlie
Dillan,Belinda
Zack,Isabell
Deon,Ashtyn
Kolby,Dulce
Emery,Lisa
Zaire,Kaitlyn
Greyson,Courtney
Adan,Shania
Junior,Aliya
Niko,Damaris
Thaddeus,Casey
Darnell,Anabel
Alfonso,Giselle
Henry,Kylie
Troy,Sophia
Cornelius,Brooke
Harold,Micah
Tristian,Ava
Kingston,Frida
Cory,Braelyn
Bradyn,Breanna
Leandro,Heidy
Malik,Journey
Dayton,Elise
Coby,Serena
Davin,Sanaa
Elias,Heidi
Theodore,Natalya
Jayson,Elsa
Miguel,Nancy
Clinton,Deanna
Uriel,Violet
Tyshawn,Hailee
Esteban,Mikayla
Bruce,Amya
Kellen,Lizbeth
Daryl,Dixie
Mekhi,Aliana
Elliot,Denisse
Jake,Deja
Tucker,Ciara
Will,Dalia
Demetrius,Adelyn
Robert,Amara
Nikhil,Lexi
Judah,Giuliana
Noah,Lilian
Gary,Miriam
Ibrahim,Addisyn
Bobby,Keyla
Markus,Judith
Philip,Kyleigh
Alec,Eden
Nelson,Jennifer
George,Makaila
Jonas,Brielle
Cesar,Lauren
Wyatt,Brenna
Chace,Shea
Zachary,Casey
Baron,Hannah
Arthur,Makenna
Brooks,Melina
Miles,Ayla
Wayne,Tania
Jan,Thalia